Workbook

Sheet Unit Cost Derivation
A1: UNIT COST DERIVATION & BASE MATERIAL/LABOR RATES
A2: Editable base parameters referencing regional Philippine construction material & labor costs
A4: Resource Code | B4: Resource / Material Name | C4: Unit | D4: Base Unit Cost (PHP) | E4: Notes / Source
A5: MAT-01 | B5: Cement (40kg bag) | C5: bag | D5: 310 | E5: Fajardo Class A/B Mix Standard
A6: MAT-02 | B6: Sand (cu.m.) | C6: cu.m. | D6: 1200 | E6: Washed River Sand
A7: MAT-03 | B7: Gravel (cu.m.) | C7: cu.m. | D7: 1400 | E7: Gravel 3/4" Crushed
A8: MAT-04 | B8: Rebar (per kg) | C8: kg | D8: 45 | E8: Deformed Bar Grade 33/40
A9: MAT-05 | B9: Tie Wire #16 G.I. (per kg) | C9: kg | D9: 90 | E9: 15kg per Metric Ton Steel
A10: MAT-06 | B10: 100mm CHB (per pc) | C10: pc | D10: 14 | E10: Standard 4" Block
A11: MAT-07 | B11: 150mm CHB (per pc) | C11: pc | D11: 18 | E11: Standard 6" Block
A12: LAB-01 | B12: Concrete Works Labor (per cu.m.) | C12: cu.m. | D12: 850 | E12: Mixing, Pouring & Compaction
A13: LAB-02 | B13: Rebar Works Labor (per kg) | C13: kg | D13: 12 | E13: Cutting, Bending & Tying
A14: LAB-03 | B14: Masonry Works Labor (per sq.m.) | C14: sq.m. | D14: 220 | E14: Laying & 16mm Plastering

Sheet Back-Up Computation
A1: DETAILED BACK-UP COMPUTATION SHEET
A2: Element-level geometric takeoff & quantity derivations traceable to drawing sheets
A4: Work Section | B4: Item Code | C4: Element & Description | D4: Location Description | E4: Drawing Ref | F4: Length / Area (m) | G4: Width (m) | H4: Height / Thick (m) | I4: Count | J4: Takeoff Qty | K4: Unit | L4: Unit Cost (PHP) | M4: Amount (PHP) | N4: Status
A5: II. Concrete Works | B5: CON-1.1 | C5: Concrete Works - Isolated Footings (F-1, Class A) | D5: Grid 1-A to 4-D | E5: S-1 Sheet 1 | F5: 1.5 | G5: 1.5 | H5: 0.45 | I5: 4 | J5: 4.05 | K5: cu.m. | L5: 5640 | M5: =J5*L5 | N5: Confirmed
A6: II. Concrete Works | B6: CON-1.2 | C6: Concrete Works - Columns (C-1, Class A) | D6: Ground to 2nd Floor | E6: S-1 Sheet 1 | F6: 0.3 | G6: 0.3 | H6: 3 | I6: 4 | J6: 1.08 | K6: cu.m. | L6: 5640 | M6: =J6*L6 | N6: Confirmed
A7: III. Steel Reinforcement | B7: REB-2.16 | C7: Deformed Rebar Ø16mm (C-1) | D7: Ground to 2nd Floor | E7: S-1 Sheet 1 | F7: 3.6 | G7: 1 | H7: 1 | I7: 32 | J7: 181.79 | K7: kg | L7: 57 | M7: =J7*L7 | N7: Confirmed
A8: III. Steel Reinforcement | B8: REB-2.0 | C8: #16 G.I. Tie Wire (C-1) | D8: Ground to 2nd Floor | E8: S-1 Sheet 1 | F8: 181.79 | G8: 1 | H8: 1 | I8: 1 | J8: 2.73 | K8: kg | L8: 90 | M8: =J8*L8 | N8: Confirmed
A9: II. Concrete Works | B9: CON-1.3 | C9: Concrete Works - Beams (GB-1, Class A) | D9: 2nd Floor Framing | E9: S-1 Sheet 1 | F9: 4 | G9: 0.25 | H9: 0.5 | I9: 3 | J9: 1.5 | K9: cu.m. | L9: 5640 | M9: =J9*L9 | N9: Confirmed
A10: III. Steel Reinforcement | B10: REB-2.20 | C10: Deformed Rebar Ø20mm (GB-1) | D10: 2nd Floor Framing | E10: S-1 Sheet 1 | F10: 4.8 | G10: 1 | H10: 1 | I10: 18 | J10: 213.06 | K10: kg | L10: 57 | M10: =J10*L10 | N10: Confirmed
A11: III. Steel Reinforcement | B11: REB-2.0 | C11: #16 G.I. Tie Wire (GB-1) | D11: 2nd Floor Framing | E11: S-1 Sheet 1 | F11: 213.06 | G11: 1 | H11: 1 | I11: 1 | J11: 3.2 | K11: kg | L11: 90 | M11: =J11*L11 | N11: Confirmed
A12: II. Concrete Works | B12: CON-1.4 | C12: Concrete Works - Slabs (SL-1, Class A) | D12: 2nd Floor Slab | E12: S-2 Sheet 2 | F12: 8 | G12: 6 | H12: 0.125 | I12: 1 | J12: 6 | K12: cu.m. | L12: 5640 | M12: =J12*L12 | N12: Confirmed
A13: IV. Masonry Works | B13: MAS-3.1 | C13: 100mm CHB Wall (W-1; Class B mortar: 0.522 bag/m², 0.0435 m³ sand/m²) | D13: Exterior Perimeter | E13: A-1 Sheet 1 | F13: 8 | G13: 1 | H13: 3 | I13: 1 | J13: 20.4 | K13: sq.m. | L13: 609.02 | M13: =J13*L13 | N13: Confirmed
A14: IV. Masonry Works | B14: MAS-3.3 | C14: 16mm Cement Plaster (2 faces, W-1; Class B: 0.192 bag/m², 0.0160 m³ sand/m²) | D14: Exterior Perimeter | E14: A-1 Sheet 1 | F14: 20.4 | G14: 1 | H14: 1 | I14: 2 | J14: 40.8 | K14: sq.m. | L14: 188.72 | M14: =J14*L14 | N14: Confirmed
C15: TOTAL BACK-UP COMPUTATION AMOUNT (PHP) | M15: =SUM(M5:M14)

Sheet Checklist BOQ Summary
A1: BILL OF QUANTITIES (BOQ) CHECKLIST SUMMARY
A2: Itemized quantity rollup and cost summary for Concrete, Rebar & Masonry Trades
A4: Item No. | B4: Item Code | C4: Description | D4: Unit | E4: Takeoff Qty | F4: Blended Unit Cost (PHP) | G4: Total Amount (PHP) | H4: Status
A5: 2.1 | B5: CON-1.1 | C5: Concrete Works - Isolated Footings | D5: cu.m. | E5: =SUMIF('Back-Up Computation'!B:B, B5, 'Back-Up Computation'!J:J) | F5: =IF(E5>0, G5/E5, 0) | G5: =SUMIF('Back-Up Computation'!B:B, B5, 'Back-Up Computation'!M:M) | H5: Confirmed
A6: 2.2 | B6: CON-1.2 | C6: Concrete Works - Columns | D6: cu.m. | E6: =SUMIF('Back-Up Computation'!B:B, B6, 'Back-Up Computation'!J:J) | F6: =IF(E6>0, G6/E6, 0) | G6: =SUMIF('Back-Up Computation'!B:B, B6, 'Back-Up Computation'!M:M) | H6: Confirmed
A7: 2.3 | B7: REB-2.16 | C7: Deformed Rebar Ø16mm | D7: kg | E7: =SUMIF('Back-Up Computation'!B:B, B7, 'Back-Up Computation'!J:J) | F7: =IF(E7>0, G7/E7, 0) | G7: =SUMIF('Back-Up Computation'!B:B, B7, 'Back-Up Computation'!M:M) | H7: Confirmed
A8: 2.4 | B8: REB-2.0 | C8: #16 G.I. Tie Wire | D8: kg | E8: =SUMIF('Back-Up Computation'!B:B, B8, 'Back-Up Computation'!J:J) | F8: =IF(E8>0, G8/E8, 0) | G8: =SUMIF('Back-Up Computation'!B:B, B8, 'Back-Up Computation'!M:M) | H8: Confirmed
A9: 2.5 | B9: CON-1.3 | C9: Concrete Works - Beams | D9: cu.m. | E9: =SUMIF('Back-Up Computation'!B:B, B9, 'Back-Up Computation'!J:J) | F9: =IF(E9>0, G9/E9, 0) | G9: =SUMIF('Back-Up Computation'!B:B, B9, 'Back-Up Computation'!M:M) | H9: Confirmed
A10: 2.6 | B10: REB-2.20 | C10: Deformed Rebar Ø20mm | D10: kg | E10: =SUMIF('Back-Up Computation'!B:B, B10, 'Back-Up Computation'!J:J) | F10: =IF(E10>0, G10/E10, 0) | G10: =SUMIF('Back-Up Computation'!B:B, B10, 'Back-Up Computation'!M:M) | H10: Confirmed
A11: 2.7 | B11: CON-1.4 | C11: Concrete Works - Slabs | D11: cu.m. | E11: =SUMIF('Back-Up Computation'!B:B, B11, 'Back-Up Computation'!J:J) | F11: =IF(E11>0, G11/E11, 0) | G11: =SUMIF('Back-Up Computation'!B:B, B11, 'Back-Up Computation'!M:M) | H11: Confirmed
A12: 2.8 | B12: MAS-3.1 | C12: 100mm CHB Wall | D12: sq.m. | E12: =SUMIF('Back-Up Computation'!B:B, B12, 'Back-Up Computation'!J:J) | F12: =IF(E12>0, G12/E12, 0) | G12: =SUMIF('Back-Up Computation'!B:B, B12, 'Back-Up Computation'!M:M) | H12: Confirmed
A13: 2.9 | B13: MAS-3.3 | C13: 16mm Cement Plaster | D13: sq.m. | E13: =SUMIF('Back-Up Computation'!B:B, B13, 'Back-Up Computation'!J:J) | F13: =IF(E13>0, G13/E13, 0) | G13: =SUMIF('Back-Up Computation'!B:B, B13, 'Back-Up Computation'!M:M) | H13: Confirmed
C14: GRAND TOTAL PROJECT DIRECT COST (PHP) | G14: =SUM(G5:G13)
